{
    "loss": 15.75566291809082,
    "accuracy": 0.5467625856399536
}